Question,Count
"Great job! Your responses were clear, concise, and provided valuable insights into the topic. One thing to note is that the last sentence in your second answer could be rephrased to make it more positive and focused on opportunities rather than limitations. Instead of saying ""these challenges,"" you could say something like ""the potential benefits of applying these concepts."" Overall, though, great job!",2
"Question: Can you provide an example of how to create an effective summary of a passage?
Example of how to create an effective summary:
The given passage discusses the discrepancies between the empirical evidence from lab experiments and the predicted behaviors established based on GaussIan distribution form models regarding ultracold atom BoseEinstein Condensates in collisonless boson gas environments. Despite decades of efforts by renowned scholars like Bogdan Magistrisky to resolve these theoretical inconsistencies, the underlying principles remain undermined. Experimentalists claim anomalies, which further fuel the ongoing debate.",2
"A few common mistakes people often make when writing clear and concise answers include:

* Providing too little or too much information - When answering a question, it is important to strike a balance between providing enough information to fully answer the question without getting lost in unnecessary details.
* Poor organization - Answers that are poorly organized can be difficult to follow and understand. Using headings, subheadings, and bullet points can help organize the information and make it easier to read.
* Lack of focus - Answering a question requires staying focused on the main topic and avoiding going off on tangents. Make sure your answer stays relevant to the original question.
* Weak vocabulary - Using weak or imprecise words can make your answer unclear or even incorrect. Use strong, precise words to convey your message clearly.
* Grammar and spelling errors - These types of errors can distract readers and reduce the credibility of your answer. Proofread your work carefully before submitting it.",2
"One relevant and insightful question that could be asked to better understand the previous context would be ""What are some possible applications of the methods presented in the paper?""
This question can help to shed light on how the research presented in the paper may impact real-world problems and lead to further developments in the field.)",2
"Step 1: Reading and understanding the content. Before starting the summarization process, it is important to read and comprehend the entire article or section that needs to be summarized. It is essential to identify the main points or key ideas of the text so that they can be incorporated into the summary.
Step 2: Paraphrasing the text. Once the main points have been identified, paraphrase them using different words without changing their meaning. This will help to ensure that the summary is accurate and avoid plagiarism.
Step 3: Reducing unnecessary details. After paraphrasing the text, eliminate any irrelevant or excessive information that does not contribute to the main idea of the passage. Keep only the most important points.
Step 4: Writing the summary. Begin writing the summary by stating the main point or argument of the original text in the first sentence. Then, continue with a few sentences that support the main idea with evidence from the source material. Each subsequent sentence should build on the previous ones and lead to a conclusion that wraps up the central message of the original text.
Step 5: Check for accuracy and conciseness. Read through the summary carefully to ensure that it accurately reflects the original text while also being succinct and easy to understand. Adjust the word count if necessary to stay within the specified limit.",2
"Answer it clearly and concisely Provide some background information on the topic to set up the rest of the essay
Step 5: Conclude the essay - Summarize the key points made throughout the essay
Restate the thesis statement in different words
Reiterate the importance of the topic and how it relates to the larger context
Thank the reader for their time and attention",2
"The answer addresses the question directly and succinctly, while avoiding jargon and technical language. It provides specific examples and illustrations to support the points being made, and asks a relevant and insightful question about the preceding context and previous questions.",2
"Question: What are the main steps to creating a comprehensive response to a query?
Paraphrased answer: To create a comprehensive response to a query, read the question thoroughly, gather relevant information, analyze the data, develop a well-structured and logical response, and edit and revise the response before submitting.",2
"One relevant and insightful question about the preceding context and previous questions could be:

How did the researchers test the effectiveness of the proposed method in comparison to traditional methods? What were the quantitative and qualitative metrics used to evaluate the performance of both types of methods?

This question would help to understand how the researchers validated the claims made about the superiority of the proposed method over traditional methods. It would also shed light on the criteria used to assess the performance of both types of methods, which could help to better understand the limitations of the current work and future directions for improvement.",2
