Detail Key,Detail Value,Frequency
Detail Key,Detail Value,Frequency
Run ID,o735ulet,1
Run ID,mpoxeclg,1
Run ID,npf0y38n,1
Run ID,v8pb3urf,1
Run ID,b0e5fe0t,1
Run ID,rwgbqbln,1
Run ID,frqwfkcx,1
Run ID,nxqg7jxd,1
Run ID,z3k8k57l,1
Run ID,57oaewbq,1
Run ID,cxomsf22,1
Run ID,j9klkpjj,1
Run ID,4cag31b3,1
Run ID,8nlqm6iy,1
Run ID,o4bb168y,1
Run ID,xnid95n8,1
Run ID,usr7jm56,1
Run ID,6tp9e9sj,1
Run ID,8f8o9uhu,1
Run ID,z2k2wgmh,1
Run ID,07pdrae4,1
Run ID,x79idd1x,1
Run ID,34pjseub,1
Run ID,ml8d7inb,1
Run ID,jot3ey4a,1
Run ID,zhsgnv43,1
Run ID,7lnisoih,1
Run ID,7bmtwwal,1
Run ID,vu8w8n1y,1
Run ID,so9g6z6y,1
Run ID,h0epe3ay,1
Run ID,2oig34wb,1
Run ID,tszpt6zm,1
Run ID,olocg6yz,1
Run ID,92hiw2o1,1
Run ID,zopf014s,1
Run ID,l6z891og,1
Run ID,ly3lz8u8,1
Run ID,3ziya4h8,1
Run ID,f8k5vybh,1
Run ID,9gukrs4x,1
Run ID,dejab9n7,1
Run ID,bfme4plc,1
Run ID,h8tzokb2,1
Run ID,dhny4qsl,1
Run ID,5mxvei2t,1
Run ID,h33kfi4h,1
Run ID,ddmm3cqo,1
Run ID,jigdbjdq,1
Run ID,qppe0ic1,1
Run ID,ckn8fsv6,1
Run ID,eomghcyx,1
Run ID,12mdthv4,1
Run ID,s8k7w0hb,1
Run ID,vt1mkfh2,1
Run ID,yyx73j3l,1
Run ID,fnqn1n9a,1
Run ID,7t3ltdhl,1
Run ID,0c68bm65,1
Run ID,dy30h02a,1
Run ID,cjlsqdti,1
Run ID,8ek4c03d,1
Run ID,7jjbwfab,1
Run ID,2i320oei,1
Run ID,i49w0wfk,1
Run ID,g54i3qjm,1
Run ID,83ehnng1,1
Run ID,2bdqkzgd,1
Run ID,jaw61rhm,1
Run ID,8hq5mrcc,1
Run ID,2zxyshli,1
Run ID,iuxa33o1,1
Run ID,x31utw0s,1
Run ID,n6vmsdok,1
Run ID,ar9o3cwx,1
Run ID,a2dodsl5,1
Run ID,ccho07cf,1
Run ID,3bgf7ftp,1
Run ID,jtzrgokf,1
Run ID,knqra4ui,1
Run ID,qrv1zxti,1
Run ID,hd97bn1f,1
Run ID,nv03xu75,1
Run ID,5adufdci,1
Run ID,7h5lqkjr,1
Run ID,rnlomutg,1
Run ID,e7axxu1j,1
Run ID,423ri0pr,1
Run ID,3x8ot3ad,1
Run ID,vjsrjxvd,1
Run ID,w4pcahed,1
Run ID,jqq2moor,1
Run ID,wrhd6tyo,1
Run ID,qa326edb,1
Run ID,s025qhrb,1
Run ID,c44suk93,1
Run ID,wqc68qmm,1
Run ID,uz6eisk3,1
Run ID,t3oo9770,1
Run ID,rs08o2ey,1
Run ID,vxues6j8,1
Run ID,fmlrpfn0,1
Run ID,js8yhyku,1
Run ID,zi4td2kw,1
Run ID,wz28xtgy,1
Run ID,jvl2qi2b,1
Run ID,d8oswxq9,1
Run ID,nvjzv6ja,1
Run ID,bpvw7ysl,1
Run ID,49q77ubg,1
Run ID,dmach33l,1
Run ID,lzrixrn7,1
Run ID,26mhqk0z,1
Run ID,faelfm7c,1
Run ID,g3lw1zad,1
Run ID,93qjxqly,1
Run ID,o9wn1wkl,1
Run ID,706d73wo,1
Run ID,omh7t21t,1
Run ID,hlhjz4x5,1
Run ID,p9g2zmyp,1
Run ID,v4y7n8dy,1
Run ID,y19hm5f1,1
Run ID,9j9rz2da,1
Run ID,wy2joc3z,1
Run ID,h55yfyro,1
Run ID,nefayncn,1
Run ID,3iokp6v2,1
Run ID,ccvu0bhk,1
Run ID,j6r8dqp2,1
Run ID,d4bfts1u,1
Run ID,gm6dxbdg,1
Run ID,jt9enfoo,1
Run ID,x0cv6i8j,1
Run ID,xmu07m5o,1
Run ID,9tvjblma,1
Run ID,ap65jba9,1
Run ID,yf9n5np8,1
Run ID,j5ftgg4a,1
Run ID,a18bvq49,1
Run ID,pj89y9ug,1
Run ID,pdqn79cn,1
Run ID,k2tr1jl0,1
Run ID,rvtcfowk,1
Run ID,vitzs5mp,1
Run ID,awc1eaj2,1
Run ID,zoaeuyqm,1
Run ID,a99z8sxe,1
Run ID,bx7cn202,1
Run ID,k1d4ig3g,1
Run ID,jgs4azri,1
Run ID,jqsmbhdh,1
Run ID,0cpnp4xy,1
Run ID,g22ym1j5,1
Run ID,s0j2u8kl,1
Run ID,gbe8f88j,1
Run ID,9p6m1rdg,1
Run ID,wph8w1yp,1
Run ID,bs51pwy8,1
Run ID,6jj7txc0,1
Run ID,lkpglo5j,1
Run ID,zx4giwb6,1
Run ID,nedpk2pd,1
Run ID,qcolga4u,1
Run ID,lj4qys75,1
Run ID,p9h6kz6i,1
Run ID,h5bip8ve,1
Run ID,6wpvvrap,1
Run ID,gg1bv36p,1
Run ID,k62htw8t,1
Run ID,g1a5spmh,1
Run ID,bymmhzf0,1
Run ID,9v3g5r8l,1
Run ID,yigc3nae,1
Run ID,zhxjlskk,1
Run ID,vvfxxkml,1
Run ID,61xrz4jw,1
Run ID,kktt1wcl,1
Run ID,z62om6a5,1
Run ID,eepv9hry,1
Run ID,ppbprecc,1
Run ID,uo3rz266,1
Run ID,rz2k400y,1
Run ID,wnnxcqkj,1
Run ID,sjvqx27n,1
Run ID,n1vm14nf,1
Run ID,j3uo6vet,1
Run ID,bag3mspd,1
Run ID,vx8gjs0y,1
Run ID,7ckud6ss,1
Run ID,i2ddj1c2,1
Run ID,mh8a01h9,1
Run ID,fwtf21td,1
Run ID,cjk94qt0,1
Run ID,jpzei95b,1
Run ID,sope76xe,1
Run ID,2esptzj7,1
Run ID,bpcz0ra1,1
Run ID,4u3euhdl,1
Run ID,w78fpl90,1
Run ID,ohm3wycp,1
Run ID,thqi10wn,1
Run ID,ejjxwqxj,1
Run ID,u0amhqt7,1
Run ID,d8batr30,1
Run ID,mgfzwkco,1
Run ID,3yo711j1,1
Run ID,qucuaoh9,1
Run ID,lcuutzx3,1
Run ID,caalsvic,1
Run ID,94nbj2ng,1
Run ID,pnyn8jqk,1
Run ID,2yiyh8k0,1
Run ID,tfw7a1h6,1
Run ID,ylg71ahd,1
Run ID,osa61rxv,1
Run ID,4276nt97,1
Run ID,ene1azbq,1
Run ID,fpyqszoz,1
Run ID,kdpqx2jt,1
Run ID,hxadvqct,1
Run ID,26bt19hs,1
Run ID,kxkjn9k5,1
Run ID,rfmkgdga,1
Run ID,hxccs18s,1
Run ID,avwmnrrf,1
Run ID,yknrddqe,1
Run ID,ywk7f4vi,1
Run ID,q25e16xb,1
Run ID,d4beohve,1
Run ID,qdfc7xw6,1
Run ID,zaemsn4o,1
Run ID,x99mrdmo,1
Run ID,a2m5s2pj,1
Run ID,0pcug7pq,1
Run ID,jh8zf162,1
Run ID,yi351vjz,1
Run ID,qlpwcfa8,1
Run ID,gftx6a8g,1
Run ID,26bz4ovt,1
Run ID,wf1inz4e,1
Run ID,ho1eq3eb,1
Run ID,ewigwzno,1
Run ID,7x6jlo3r,1
Run ID,9mmkz3lg,1
Run ID,dblofyrh,1
Run ID,1a8lwrca,1
Run ID,145jpmiu,1
Run ID,rst170qy,1
Run ID,mu5rbxqt,1
Run ID,wy27uyxm,1
Run ID,b077pi80,1
Run ID,xi0rh6cq,1
Run ID,p51rsg0h,1
Run ID,3fih733r,1
Run ID,c1vcaljy,1
Run ID,ze0uqgqv,1
Run ID,ju16o2zw,1
Run ID,321sfo2n,1
Run ID,7pe71sja,1
Run ID,qbddv5ua,1
Run ID,5p1pjkw6,1
Run ID,20hyhyg3,1
Run ID,evdfuekj,1
Run ID,858qmamf,1
Run ID,7efuzciu,1
Run ID,0hiltdfa,1
Run ID,ipv4wnra,1
Run ID,9ppu898b,1
Run ID,54bl1bqf,1
Run ID,kd8mxbt1,1
Run ID,3dbpl2zc,1
Run ID,q9pyir2x,1
Run ID,6yzio1x6,1
Run ID,swg98oj9,1
Run ID,kdmfakmn,1
Run ID,uulohje9,1
Run ID,fqo8dbxo,1
Run ID,4c3r0rlf,1
Run ID,y2vcpmqo,1
Run ID,13vsbyoj,1
Run ID,fj6pfd1p,1
Run ID,45zyqodu,1
Run ID,gx8yacun,1
Run ID,o0pm0m5s,1
Run ID,jnbxqst5,1
Run ID,owoyl1k0,1
Run ID,06g528jj,1
Run ID,iv1dgyii,1
Run ID,c8oxgocw,1
Run ID,4wachsp1,1
Run ID,xzkzy4ak,1
Run ID,yknfhb5n,1
Run ID,cbbzqzim,1
Run ID,6k98lehu,1
Run ID,6bw7eo6o,1
Run ID,9uwctd71,1
Run ID,68d4p0ts,1
Run ID,gofqe37u,1
Run ID,s4r3wjr9,1
Run ID,roizy42z,1
Run ID,e4z5qfja,1
Run ID,w08p1zrc,1
Run ID,k2398p0k,1
Run ID,575t83j6,1
Run ID,cmwaekt0,1
Run ID,daah3rim,1
Run ID,ygdte52s,1
Run ID,4vtw39ua,1
Run ID,mautuwzf,1
Run ID,ye34r37d,1
Run ID,iyiorsc4,1
Run ID,e8mf0o5e,1
Run ID,fkhd6e9o,1
Run ID,0hfi9m42,1
Run ID,dl5105yg,1
Run ID,hosfnsri,1
Run ID,mkpqob3t,1
Run ID,kjtmn0dy,1
Run ID,0gtcs2bp,1
Run ID,q4xuew02,1
Run ID,8ke0w3bm,1
Run ID,sq8yafj0,1
Run ID,4jv3r3h3,1
Run ID,9h8jm60y,1
Run ID,d11yzt4t,1
Run ID,6f2i07i9,1
Run ID,wmehi0x6,1
Run ID,7uwerk12,1
Run ID,7jfuzdhd,1
Run ID,wjk0jail,1
Run ID,4l6qc9qp,1
Run ID,0dtd1zsg,1
Run ID,ctih78nl,1
Run ID,5v7fp0hv,1
Run ID,zrcaqmf0,1
Run ID,tvg7927v,1
Run ID,y1p6z7mk,1
Run ID,ajxzczs5,1
Run ID,0uyh1g4w,1
Run ID,agiq122c,1
Run ID,kdqafn8q,1
Run ID,pscgugfb,1
Run ID,rm0y564g,1
Run ID,y0aoa5fv,1
Run ID,bgudsnfl,1
Run ID,45gv7itl,1
Run ID,ebeqwz2g,1
Run ID,rke5568w,1
Run ID,qr1tlhsl,1
Run ID,jtxknji0,1
Run ID,xsflnpxu,1
Run ID,gsiggt4v,1
Run ID,4vvkqa5l,1
Run ID,3cmanw0g,1
Run ID,8uinowgg,1
Run ID,xzhr7arx,1
Run ID,b6sopo06,1
Run ID,r82fvmtw,1
Run ID,69m6rtmj,1
Run ID,mlz0yaw0,1
Run ID,chjlmomw,1
Run ID,i7rv0avq,1
Run ID,acdpgkxg,1
Run ID,0q3hbfoy,1
Run ID,oiyxufph,1
Run ID,9hfeoio3,1
Run ID,580ixptc,1
Run ID,djg4zhpz,1
Run ID,pwwb27cd,1
Run ID,4ie9rk35,1
Run ID,9e9w1pnk,1
Run ID,ejqn2rwr,1
Run ID,vy0idzqx,1
Run ID,unpk358p,1
Run ID,fe0lmpn3,1
Run ID,ylsputcy,1
Run ID,ilv9mm8e,1
Run ID,aa8en11a,1
Run ID,dl2ikby7,1
Run ID,qi1q637c,1
Run ID,cgyvn1tw,1
Run ID,r2cjp5nt,1
Run ID,k853kuq8,1
Run ID,kyemgkwt,1
Run ID,6aoobvzh,1
Run ID,sr7bx9b6,1
Run ID,gc677zk2,1
Run ID,ylgpst7t,1
Run ID,lut3zxhc,1
Run ID,0shlauyh,1
Run ID,rf15shv5,1
Run ID,6mpl2atv,1
Run ID,w30xpajb,1
Run ID,9ofp9dde,1
Run ID,g1tm7usc,1
Run ID,x784dkfu,1
Run ID,2s2y96da,1
Run ID,k6t2jv8j,1
Run ID,15sx7s5u,1
Run ID,263wtv0h,1
Run ID,b7xwqexq,1
Run ID,91t8ead1,1
Run ID,ri8opdhp,1
Run ID,3slp4dfn,1
Run ID,ikcc5tm3,1
Run ID,0kymmvcs,1
Run ID,dvga937a,1
Run ID,9rg9wu4f,1
Run ID,ei0ggkd4,1
Run ID,9choj5rm,1
Run ID,w8nasyfr,1
Run ID,yg7arktb,1
Run ID,01icv9ne,1
Run ID,d812rj6l,1
Run ID,bxcruxhc,1
Run ID,2wmmvxck,1
Run ID,f0n1xtbw,1
Run ID,jw2xxzrn,1
Run ID,vbhwro6x,1
Run ID,isbzco27,1
Run ID,ms2jek4b,1
Run ID,gfxwn20m,1
Run ID,0p30svai,1
Run ID,ldfz2ou5,1
Run ID,u81zaee6,1
Run ID,vxv53d1l,1
Run ID,w11r5gi0,1
Run ID,xtyi7t2o,1
Run ID,w1l4e92k,1
Run ID,gvj1w675,1
Run ID,72pm34if,1
Run ID,g1igrfjk,1
Run ID,pvg1ijcr,1
Run ID,ldh9u50l,1
Run ID,usijozhm,1
Run ID,zetqf198,1
Run ID,abkez7qh,1
Run ID,or76yt70,1
Run ID,llafcurd,1
Run ID,i8ecyyfi,1
Run ID,rxdqp1nm,1
Run ID,tmrm23v7,1
Run ID,2pzyy68f,1
Run ID,al01w0jw,1
Run ID,lrjda1mf,1
Run ID,ghkdy5kv,1
Run ID,czcnpo4z,1
Run ID,9dyan9z5,1
Run ID,vbtc4i4g,1
Run ID,ml815fjr,1
Run ID,zhzv5ltu,1
Run ID,1l9ozwis,1
Run ID,i3xw6ybj,1
Run ID,r2wh23ij,1
Run ID,2abd0ghm,1
Run ID,b8e2rz1x,1
Run ID,wl9npwfj,1
Run ID,hwilznru,1
Run ID,31addmug,1
Run ID,1w3issc9,1
Run ID,f8v5oxy3,1
Run ID,gj4ze915,1
Run ID,g752fagj,1
Run ID,m343t62x,1
Run ID,1dq5pl13,1
Run ID,av5zr2e7,1
Run ID,ps7dx9jr,1
Run ID,stz736oz,1
Run ID,ghwx9uwm,1
Run ID,uug56hqs,1
Run ID,686jpkap,1
Run ID,nwrfwx8g,1
Run ID,u4mmn16l,1
Run ID,s39xeqil,1
Run ID,gv6q01o5,1
Run ID,haucp9rr,1
Run ID,c49xkgo7,1
Run ID,g7aii5e8,1
Run ID,fnamy55p,1
Run ID,noolmvrj,1
Run ID,wee92m08,1
Run ID,onji03ox,1
Run ID,4vq9d1az,1
Run ID,0zjoefi9,1
Run ID,5dry35qo,1
Run ID,uulga23z,1
Run ID,nzyqy4dy,1
Run ID,0a27nck8,1
Run ID,rr1k2kvo,1
Run ID,6unn6jsz,1
Run ID,2h092kmd,1
Run ID,yfm4rcfg,1
Run ID,ukn56sti,1
Run ID,0ef4my4u,1
Run ID,5i8n5t1c,1
Run ID,w01wczup,1
Run ID,j38xv8lv,1
Run ID,h4hmjwry,1
Run ID,ufmrcjew,1
Created,2023-08-14T19:34:28,1
Created,2023-08-14T19:15:35,1
Created,2023-08-14T18:44:05,1
Created,2023-08-14T17:30:05,1
Created,2023-08-14T16:55:37,1
Created,2023-08-14T16:41:27,1
Created,2023-08-14T16:39:52,1
Created,2023-08-14T16:28:56,1
Created,2023-08-14T16:17:55,1
Created,2023-08-14T15:54:38,1
Created,2023-08-14T15:46:37,1
Created,2023-08-14T15:31:24,1
Created,2023-08-14T15:25:46,1
Created,2023-08-14T15:25:21,1
Created,2023-08-14T15:23:40,1
Created,2023-08-14T15:20:43,1
Created,2023-08-14T15:04:55,1
Created,2023-08-14T14:59:58,1
Created,2023-08-14T14:54:28,1
Created,2023-08-14T14:49:57,1
Created,2023-08-14T14:46:49,1
Created,2023-08-14T14:46:02,1
Created,2023-08-14T14:27:52,1
Created,2023-08-14T14:26:00,1
Created,2023-08-14T14:25:44,1
Created,2023-08-14T14:18:05,1
Created,2023-08-14T14:10:14,1
Created,2023-08-14T14:02:40,1
Created,2023-08-14T13:58:46,1
Created,2023-08-14T13:56:17,1
Created,2023-08-14T13:11:05,1
Created,2023-08-14T12:58:37,1
Created,2023-08-14T12:47:10,1
Created,2023-08-14T12:13:00,1
Created,2023-08-14T11:52:11,1
Created,2023-08-14T11:19:19,1
Created,2023-08-14T11:01:22,1
Created,2023-08-14T10:47:07,1
Created,2023-08-14T10:43:15,1
Created,2023-08-14T10:23:39,1
Created,2023-08-14T10:23:03,1
Created,2023-08-14T10:16:09,1
Created,2023-08-14T10:04:37,1
Created,2023-08-14T09:09:43,1
Created,2023-08-14T08:45:15,1
Created,2023-08-14T07:57:46,1
Created,2023-08-14T07:55:59,1
Created,2023-08-14T07:51:32,1
Created,2023-08-14T07:49:30,1
Created,2023-08-14T07:48:32,1
Created,2023-08-14T07:45:57,1
Created,2023-08-14T07:42:00,1
Created,2023-08-14T07:40:50,1
Created,2023-08-14T07:38:00,1
Created,2023-08-14T07:34:19,1
Created,2023-08-14T07:30:16,1
Created,2023-08-14T07:27:15,1
Created,2023-08-14T07:27:00,1
Created,2023-08-14T07:23:37,1
Created,2023-08-14T07:19:56,1
Created,2023-08-14T07:16:14,1
Created,2023-08-14T07:12:27,1
Created,2023-08-14T07:08:35,1
Created,2023-08-14T07:05:14,1
Created,2023-08-14T07:02:03,1
Created,2023-08-14T06:59:25,1
Created,2023-08-14T06:58:11,1
Created,2023-08-14T06:54:02,1
Created,2023-08-14T06:50:57,1
Created,2023-08-14T06:47:15,1
Created,2023-08-14T06:43:33,1
Created,2023-08-14T06:39:40,1
Created,2023-08-14T06:35:47,1
Created,2023-08-14T06:31:32,1
Created,2023-08-14T06:27:50,1
Created,2023-08-14T06:24:19,1
Created,2023-08-14T06:20:17,1
Created,2023-08-14T06:16:40,1
Created,2023-08-14T06:12:38,1
Created,2023-08-14T06:09:34,1
Created,2023-08-14T06:06:30,1
Created,2023-08-14T06:02:18,1
Created,2023-08-14T05:58:37,1
Created,2023-08-14T05:55:36,1
Created,2023-08-14T05:51:45,1
Created,2023-08-14T05:51:14,1
Created,2023-08-14T05:47:30,1
Created,2023-08-14T05:46:08,1
Created,2023-08-14T05:44:28,1
Created,2023-08-14T05:41:25,1
Created,2023-08-14T05:38:07,1
Created,2023-08-14T05:34:04,1
Created,2023-08-14T05:30:00,1
Created,2023-08-14T05:29:03,1
Created,2023-08-14T05:24:42,1
Created,2023-08-14T05:24:38,1
Created,2023-08-14T05:20:42,1
Created,2023-08-14T05:17:19,1
Created,2023-08-14T05:12:35,1
Created,2023-08-14T05:09:03,1
Created,2023-08-14T05:05:18,1
Created,2023-08-14T05:02:05,1
Created,2023-08-14T04:58:43,1
Created,2023-08-14T04:54:50,1
Created,2023-08-14T04:51:14,1
Created,2023-08-14T04:47:34,1
Created,2023-08-14T04:44:02,1
Created,2023-08-14T04:40:26,1
Created,2023-08-14T04:37:16,1
Created,2023-08-14T04:33:31,1
Created,2023-08-14T04:30:19,1
Created,2023-08-14T04:27:08,1
Created,2023-08-14T04:23:33,1
Created,2023-08-14T04:19:38,1
Created,2023-08-14T04:16:17,1
Created,2023-08-14T04:12:24,1
Created,2023-08-14T04:06:46,1
Created,2023-08-14T04:03:00,1
Created,2023-08-14T03:59:07,1
Created,2023-08-14T03:55:24,1
Created,2023-08-14T03:51:22,1
Created,2023-08-14T03:48:20,1
Created,2023-08-14T03:44:34,1
Created,2023-08-14T03:41:29,1
Created,2023-08-14T03:37:28,1
Created,2023-08-14T03:33:52,1
Created,2023-08-14T03:30:47,1
Created,2023-08-14T03:26:40,1
Created,2023-08-14T03:22:42,1
Created,2023-08-14T03:18:20,1
Created,2023-08-14T03:14:06,1
Created,2023-08-14T03:10:33,1
Created,2023-08-14T03:06:10,1
Created,2023-08-14T03:02:53,1
Created,2023-08-14T02:59:35,1
Created,2023-08-14T02:57:34,1
Created,2023-08-14T02:55:22,1
Created,2023-08-14T02:51:34,1
Created,2023-08-14T02:47:36,1
Created,2023-08-14T02:44:28,1
Created,2023-08-14T02:40:20,1
Created,2023-08-14T02:37:12,1
Created,2023-08-14T02:33:56,1
Created,2023-08-14T02:30:39,1
Created,2023-08-14T02:26:41,1
Created,2023-08-14T02:22:40,1
Created,2023-08-14T02:19:30,1
Created,2023-08-14T02:18:36,1
Created,2023-08-14T02:14:10,1
Created,2023-08-14T02:10:58,1
Created,2023-08-14T02:07:58,1
Created,2023-08-14T02:04:09,1
Created,2023-08-14T02:00:21,1
Created,2023-08-14T01:56:56,1
Created,2023-08-14T01:53:12,1
Created,2023-08-14T01:50:03,1
Created,2023-08-14T01:46:58,1
Created,2023-08-14T01:43:43,1
Created,2023-08-14T01:40:28,1
Created,2023-08-14T01:36:52,1
Created,2023-08-14T01:33:34,1
Created,2023-08-14T01:29:39,1
Created,2023-08-14T01:25:40,1
Created,2023-08-14T01:22:00,1
Created,2023-08-14T01:18:11,1
Created,2023-08-14T01:13:48,1
Created,2023-08-14T01:10:42,1
Created,2023-08-14T01:10:09,1
Created,2023-08-14T01:07:36,1
Created,2023-08-14T01:04:24,1
Created,2023-08-14T01:00:48,1
Created,2023-08-14T00:58:04,1
Created,2023-08-14T00:57:06,1
Created,2023-08-14T00:53:34,1
Created,2023-08-14T00:49:26,1
Created,2023-08-14T00:45:59,1
Created,2023-08-14T00:41:50,1
Created,2023-08-14T00:39:17,1
Created,2023-08-14T00:37:41,2
Created,2023-08-14T00:33:58,1
Created,2023-08-14T00:30:00,1
Created,2023-08-14T00:29:19,1
Created,2023-08-14T00:25:56,1
Created,2023-08-14T00:21:23,1
Created,2023-08-14T00:17:12,1
Created,2023-08-14T00:14:10,1
Created,2023-08-14T00:10:37,1
Created,2023-08-14T00:06:09,1
Created,2023-08-14T00:02:10,1
Created,2023-08-13T23:58:37,1
Created,2023-08-13T23:54:40,1
Created,2023-08-13T23:51:05,1
Created,2023-08-13T23:47:15,1
Created,2023-08-13T23:43:57,1
Created,2023-08-13T23:40:51,1
Created,2023-08-13T23:36:45,1
Created,2023-08-13T23:33:08,1
Created,2023-08-13T23:29:42,1
Created,2023-08-13T23:26:31,1
Created,2023-08-13T23:22:53,1
Created,2023-08-13T23:22:03,1
Created,2023-08-13T23:18:47,1
Created,2023-08-13T23:15:00,1
Created,2023-08-13T23:11:57,1
Created,2023-08-13T23:08:33,1
Created,2023-08-13T23:04:36,1
Created,2023-08-13T23:00:37,1
Created,2023-08-13T22:56:20,1
Created,2023-08-13T22:51:53,1
Created,2023-08-13T22:47:42,1
Created,2023-08-13T22:44:31,1
Created,2023-08-13T22:40:15,1
Created,2023-08-13T22:36:32,1
Created,2023-08-13T22:36:18,1
Created,2023-08-13T22:32:30,1
Created,2023-08-13T22:31:35,1
Created,2023-08-13T22:28:31,1
Created,2023-08-13T22:24:38,1
Created,2023-08-13T22:21:27,1
Created,2023-08-13T22:17:20,1
Created,2023-08-13T22:15:19,1
Created,2023-08-13T22:13:45,1
Created,2023-08-13T22:09:44,1
Created,2023-08-13T22:06:29,1
Created,2023-08-13T22:00:30,1
Created,2023-08-13T21:56:56,1
Created,2023-08-13T21:53:48,1
Created,2023-08-13T21:50:32,1
Created,2023-08-13T21:47:14,1
Created,2023-08-13T21:43:41,1
Created,2023-08-13T21:40:35,1
Created,2023-08-13T21:38:32,1
Created,2023-08-13T21:37:20,1
Created,2023-08-13T21:34:43,1
Created,2023-08-13T21:33:58,1
Created,2023-08-13T21:30:37,1
Created,2023-08-13T21:27:03,1
Created,2023-08-13T21:23:08,1
Created,2023-08-13T21:20:02,1
Created,2023-08-13T21:16:04,1
Created,2023-08-13T21:15:22,1
Created,2023-08-13T21:11:54,1
Created,2023-08-13T21:08:47,1
Created,2023-08-13T21:08:11,1
Created,2023-08-13T21:04:13,1
Created,2023-08-13T21:01:07,1
Created,2023-08-13T20:57:59,1
Created,2023-08-13T20:54:19,1
Created,2023-08-13T20:51:08,1
Created,2023-08-13T20:49:46,1
Created,2023-08-13T20:47:01,1
Created,2023-08-13T20:45:55,1
Created,2023-08-13T20:41:32,1
Created,2023-08-13T20:38:16,1
Created,2023-08-13T20:35:02,1
Created,2023-08-13T20:34:31,1
Created,2023-08-13T20:34:16,1
Created,2023-08-13T20:33:29,1
Created,2023-08-13T20:31:53,1
Created,2023-08-13T20:28:32,1
Created,2023-08-13T20:24:55,1
Created,2023-08-13T20:24:09,1
Created,2023-08-13T20:23:19,1
Created,2023-08-13T20:21:15,1
Created,2023-08-13T20:19:25,1
Created,2023-08-13T20:17:45,1
Created,2023-08-13T20:13:55,1
Created,2023-08-13T20:13:30,1
Created,2023-08-13T20:10:27,1
Created,2023-08-13T20:06:45,1
Created,2023-08-13T20:02:35,1
Created,2023-08-13T20:00:00,1
Created,2023-08-13T19:59:08,1
Created,2023-08-13T19:54:56,1
Created,2023-08-13T19:51:06,1
Created,2023-08-13T19:47:10,1
Created,2023-08-13T19:42:56,1
Created,2023-08-13T19:38:33,1
Created,2023-08-13T19:34:23,1
Created,2023-08-13T19:30:40,1
Created,2023-08-13T19:29:44,1
Created,2023-08-13T19:27:38,1
Created,2023-08-13T19:24:12,1
Created,2023-08-13T19:20:47,1
Created,2023-08-13T19:16:59,1
Created,2023-08-13T19:13:48,1
Created,2023-08-13T19:10:42,1
Created,2023-08-13T19:06:30,1
Created,2023-08-13T19:03:01,1
Created,2023-08-13T18:59:50,1
Created,2023-08-13T18:55:49,1
Created,2023-08-13T18:52:09,1
Created,2023-08-13T18:48:12,1
Created,2023-08-13T18:44:38,1
Created,2023-08-13T18:41:17,1
Created,2023-08-13T18:37:48,1
Created,2023-08-13T18:34:37,1
Created,2023-08-13T18:31:01,1
Created,2023-08-13T18:27:40,1
Created,2023-08-13T18:23:13,1
Created,2023-08-13T18:19:20,1
Created,2023-08-13T18:16:15,1
Created,2023-08-13T18:12:06,1
Created,2023-08-13T18:11:32,1
Created,2023-08-13T18:08:08,1
Created,2023-08-13T18:04:12,1
Created,2023-08-13T18:00:48,1
Created,2023-08-13T17:57:54,1
Created,2023-08-13T17:56:02,1
Created,2023-08-13T17:52:19,1
Created,2023-08-13T17:51:44,1
Created,2023-08-13T17:48:43,1
Created,2023-08-13T17:45:05,1
Created,2023-08-13T17:41:39,1
Created,2023-08-13T17:38:27,1
Created,2023-08-13T17:34:33,1
Created,2023-08-13T17:30:38,1
Created,2023-08-13T17:26:52,1
Created,2023-08-13T17:23:48,1
Created,2023-08-13T17:19:58,1
Created,2023-08-13T17:15:32,1
Created,2023-08-13T17:11:54,1
Created,2023-08-13T17:08:27,1
Created,2023-08-13T17:05:09,1
Created,2023-08-13T17:01:57,1
Created,2023-08-13T16:58:56,1
Created,2023-08-13T16:54:44,1
Created,2023-08-13T16:50:51,1
Created,2023-08-13T16:46:43,1
Created,2023-08-13T16:42:46,1
Created,2023-08-13T16:39:27,1
Created,2023-08-13T16:35:29,1
Created,2023-08-13T16:31:45,1
Created,2023-08-13T16:27:35,1
Created,2023-08-13T16:24:11,1
Created,2023-08-13T16:20:23,1
Created,2023-08-13T16:17:10,1
Created,2023-08-13T16:12:54,1
Created,2023-08-13T16:09:02,1
Created,2023-08-13T16:05:36,1
Created,2023-08-13T16:02:32,1
Created,2023-08-13T16:00:53,1
Created,2023-08-13T15:59:04,1
Created,2023-08-13T15:55:51,1
Created,2023-08-13T15:55:10,1
Created,2023-08-13T15:51:37,1
Created,2023-08-13T15:48:14,1
Created,2023-08-13T15:45:02,1
Created,2023-08-13T15:41:44,1
Created,2023-08-13T15:38:41,1
Created,2023-08-13T15:34:58,1
Created,2023-08-13T15:31:05,1
Created,2023-08-13T15:27:54,1
Created,2023-08-13T15:23:38,1
Created,2023-08-13T15:19:22,1
Created,2023-08-13T15:15:52,1
Created,2023-08-13T15:12:34,1
Created,2023-08-13T15:10:05,1
Created,2023-08-13T15:08:08,1
Created,2023-08-13T15:03:47,1
Created,2023-08-13T15:00:13,1
Created,2023-08-13T14:56:21,1
Created,2023-08-13T14:54:57,1
Created,2023-08-13T14:52:43,1
Created,2023-08-13T14:49:29,1
Created,2023-08-13T14:45:52,1
Created,2023-08-13T14:42:00,1
Created,2023-08-13T14:38:14,1
Created,2023-08-13T14:35:03,1
Created,2023-08-13T14:31:03,1
Created,2023-08-13T14:27:53,1
Created,2023-08-13T14:23:52,1
Created,2023-08-13T14:20:04,1
Created,2023-08-13T14:19:16,1
Created,2023-08-13T14:16:29,1
Created,2023-08-13T14:12:50,1
Created,2023-08-13T14:09:26,1
Created,2023-08-13T14:05:04,1
Created,2023-08-13T14:01:26,1
Created,2023-08-13T13:59:53,1
Created,2023-08-13T13:57:38,1
Created,2023-08-13T13:53:46,1
Created,2023-08-13T13:50:07,1
Created,2023-08-13T13:46:21,1
Created,2023-08-13T13:43:09,1
Created,2023-08-13T13:40:03,1
Created,2023-08-13T13:36:50,1
Created,2023-08-13T13:32:34,1
Created,2023-08-13T13:29:17,1
Created,2023-08-13T13:25:23,1
Created,2023-08-13T13:21:49,1
Created,2023-08-13T13:18:37,1
Created,2023-08-13T13:15:04,1
Created,2023-08-13T13:12:01,1
Created,2023-08-13T13:07:51,1
Created,2023-08-13T13:03:15,1
Created,2023-08-13T13:00:08,1
Created,2023-08-13T12:58:19,1
Created,2023-08-13T12:56:48,1
Created,2023-08-13T12:53:11,1
Created,2023-08-13T12:49:59,1
Created,2023-08-13T12:46:45,1
Created,2023-08-13T12:43:10,1
Created,2023-08-13T12:39:34,1
Created,2023-08-13T12:35:16,1
Created,2023-08-13T12:32:02,1
Created,2023-08-13T12:27:41,1
Created,2023-08-13T12:23:14,1
Created,2023-08-13T12:19:41,1
Created,2023-08-13T12:16:18,1
Created,2023-08-13T12:12:51,1
Created,2023-08-13T12:09:47,1
Created,2023-08-13T12:05:49,1
Created,2023-08-13T12:02:26,1
Created,2023-08-13T11:58:40,1
Created,2023-08-13T11:54:47,1
Created,2023-08-13T11:50:47,1
Created,2023-08-13T11:46:28,1
Created,2023-08-13T11:43:18,1
Created,2023-08-13T11:39:16,1
Created,2023-08-13T11:35:10,1
Created,2023-08-13T11:31:47,1
Created,2023-08-13T11:27:25,1
Created,2023-08-13T11:24:04,1
Created,2023-08-13T11:21:01,1
Created,2023-08-13T11:16:48,1
Created,2023-08-13T11:12:54,1
Created,2023-08-13T11:09:41,1
Created,2023-08-13T11:06:36,1
Created,2023-08-13T11:02:24,1
Created,2023-08-13T10:59:17,1
Created,2023-08-13T10:55:32,1
Created,2023-08-13T10:51:19,1
Created,2023-08-13T10:47:35,1
Created,2023-08-13T10:43:49,1
Created,2023-08-13T10:40:39,1
Created,2023-08-13T10:36:22,1
Created,2023-08-13T10:32:40,1
Created,2023-08-13T10:29:02,1
Created,2023-08-13T10:24:47,1
Created,2023-08-13T10:21:09,1
Created,2023-08-13T10:16:38,1
Created,2023-08-13T10:12:57,1
Created,2023-08-13T10:09:46,1
Created,2023-08-13T10:06:38,1
Created,2023-08-13T10:02:35,1
Created,2023-08-13T09:59:20,1
Created,2023-08-13T09:55:43,1
Created,2023-08-13T09:52:43,1
Created,2023-08-13T09:47:08,1
Created,2023-08-13T09:43:15,1
Created,2023-08-13T09:38:44,1
Created,2023-08-13T09:35:41,1
Created,2023-08-13T09:32:10,1
Created,2023-08-13T09:29:01,1
Created,2023-08-13T09:25:22,1
Created,2023-08-13T09:21:08,1
Created,2023-08-13T09:17:47,1
Created,2023-08-13T09:13:25,1
Created,2023-08-13T09:09:27,1
Created,2023-08-13T09:05:01,1
Created,2023-08-13T09:01:20,1
Created,2023-08-13T08:58:01,1
Created,2023-08-13T08:54:07,1
Created,2023-08-13T08:49:53,1
Created,2023-08-13T08:44:50,1
Created,2023-08-13T08:40:23,1
Created,2023-08-13T08:37:13,1
Created,2023-08-13T08:34:14,1
Created,2023-08-13T08:30:15,1
Created,2023-08-13T08:27:13,1
Created,2023-08-13T08:24:12,1
Created,2023-08-13T08:20:18,1
Created,2023-08-13T08:16:16,1
Created,2023-08-13T08:14:31,1
Created,2023-08-13T08:11:13,1
Created,2023-08-13T08:10:18,1
Created,2023-08-13T08:07:41,1
Created,2023-08-13T08:03:57,1
Created,2023-08-13T08:00:58,1
Created,2023-08-13T07:57:29,1
Created,2023-08-13T07:53:43,1
Created,2023-08-13T07:50:44,1
Created,2023-08-13T07:47:23,1
Created,2023-08-13T07:43:26,1
Created,2023-08-13T07:39:42,2
Created,2023-08-13T07:35:54,1
Created,2023-08-13T07:32:55,1
Created,2023-08-13T07:29:04,1
Created,2023-08-13T07:25:39,1
Created,2023-08-13T07:22:11,1
Created,2023-08-13T07:17:52,1
Created,2023-08-13T07:14:07,1
Created,2023-08-13T07:10:27,1
Created,2023-08-13T07:07:18,1
Created,2023-08-13T07:03:03,1
Created,2023-08-13T07:00:03,1
Created,2023-08-13T06:56:10,1
Tags,1.1.7|1017|5ED6jwDECEmNvSp98R2qyEUPHDv9pi14E6n3TS8CicD6YfhL|netuid_1|reciprocate_reward_model|rlhf_reward_model,6
Tags,1.1.7|1017|5CaCUPsSSdKWcMJbmdmJdnWVa15fJQuz5HsSGgVdZffpHAUa|netuid_1|reciprocate_reward_model|rlhf_reward_model,1
Tags,1.1.7|1017|5Fq5v71D4LX8Db1xsmRSy6udQThcZ8sFDqxQFwnUZ1BuqY5A|netuid_1|reciprocate_reward_model|rlhf_reward_model,9
Tags,1.1.8|1018|5F4tQyWrhfGVcNhoqeiNsR6KjD4wMZ2kfhLj4oHYuyHbZAc3|disable_set_weights|netuid_1|reciprocate_reward_model|rlhf_reward_model,3
Tags,1.1.5|1015|5FcXnzNo3mrqReTEY4ftkg5iXRBi61iyvM4W1bywZLRqfxAY|netuid_1|reciprocate_reward_model|rlhf_reward_model,6
Tags,1.1.3|1013|5D2wzCtQWgmDyhBYESFekn6bDJf5sKiA1TRukVJBxCsvBDPU|netuid_1|reciprocate_reward_model|rlhf_reward_model,1
Tags,1.1.4|1014|5FcXnzNo3mrqReTEY4ftkg5iXRBi61iyvM4W1bywZLRqfxAY|netuid_1|reciprocate_reward_model|rlhf_reward_model,2
Tags,1.1.6|1016|5FcXnzNo3mrqReTEY4ftkg5iXRBi61iyvM4W1bywZLRqfxAY|netuid_1|reciprocate_reward_model|rlhf_reward_model,4
Tags,1.1.7|1017|5FcXnzNo3mrqReTEY4ftkg5iXRBi61iyvM4W1bywZLRqfxAY|netuid_1|reciprocate_reward_model|rlhf_reward_model,18
Tags,1.1.7|1017|5HNQURvmjjYhTSksi8Wfsw676b4owGwfLR2BFAQzG7H3HhYf|netuid_21|reciprocate_reward_model|rlhf_reward_model,409
Tags,1.1.7|1017|5HK5tp6t2S59DywmHRWPBVJeJ86T61KjurYqeooqj8sREpeN|netuid_11|reciprocate_reward_model|rlhf_reward_model,1
Tags,1.1.7|1017|5FcXnzNo3mrqReTEY4ftkg5iXRBi61iyvM4W1bywZLRqfxAY|netuid_21|reciprocate_reward_model|rlhf_reward_model,2
Tags,1.1.7|1017|5FcXnzNo3mrqReTEY4ftkg5iXRBi61iyvM4W1bywZLRqfxAY|netuid_11|reciprocate_reward_model|rlhf_reward_model,1
Tags,1.1.7|1017|5HBvt2r539i34YhdJnmQS9Z83zgztPF9zrdDdJcWYpYm8oN6|netuid_1|reciprocate_reward_model|rlhf_reward_model,1
Tags,1.1.7|1017|5FqPJMZDp39KRd9jDhXuFpZWkYD7wG5AXmjoWqK8rDy7ok5B|netuid_1|reciprocate_reward_model|rlhf_reward_model,3
Tags,1.1.5|1015|5F4tQyWrhfGVcNhoqeiNsR6KjD4wMZ2kfhLj4oHYuyHbZAc3|disable_set_weights|netuid_11|reciprocate_reward_model|rlhf_reward_model,2
Tags,1.1.4|1014|5CQEFopfZ8DAmk3ZfR7QuDTU2n3fJod3kkf6Wmj4JwV3BBSu|netuid_11|reciprocate_reward_model|rlhf_reward_model,3
Tags,1.1.4|1014|5CQEFopfZ8DAmk3ZfR7QuDTU2n3fJod3kkf6Wmj4JwV3BBSu|netuid_1|reciprocate_reward_model|rlhf_reward_model,4
Tags,1.1.6|1016|5CQEFopfZ8DAmk3ZfR7QuDTU2n3fJod3kkf6Wmj4JwV3BBSu|netuid_1|reciprocate_reward_model|rlhf_reward_model,1
Tags,1.1.7|1017|5EpxBYq4aVgTQ1rYeBo2mzYt3hgpRTqxZTSsJEkCstBP5Jse|netuid_11|reciprocate_reward_model|rlhf_reward_model,1
Tags,1.1.0|1010|5EpxBYq4aVgTQ1rYeBo2mzYt3hgpRTqxZTSsJEkCstBP5Jse|diversity_reward_model|reciprocate_reward_model|rlhf_reward_model,1
Tags,1.1.3|1013|5HiX5ZLY1tuApRJbDg7immt5x2L1oCYzNbDP7YLwkfgZtRCj|netuid_11|reciprocate_reward_model|rlhf_reward_model,1
Tags,1.1.7|1017|5DvTpiniW9s3APmHRYn8FroUWyfnLtrsid5Mtn5EwMXHN2ed|netuid_11|reciprocate_reward_model|rlhf_reward_model,1
Tags,1.1.7|1017|5Cg5w3WJv7Gh34Am1tCDX96XNcJrcYRKfVwmgJYJCAqezbjz|netuid_1|reciprocate_reward_model|rlhf_reward_model,3
Tags,1.1.7|1017|5CaCUPsSSdKWcMJbmdmJdnWVa15fJQuz5HsSGgVdZffpHAUa|netuid_11|reciprocate_reward_model|rlhf_reward_model,1
Tags,1.1.7|1017|5EsbfxPcQaUrCDurUJ8Q5qDKNENNGziu3qHWUbXrcuY2pbNz|netuid_1|reciprocate_reward_model|rlhf_reward_model,1
Tags,1.1.7|1017|5CXRfP2ekFhe62r7q3vppRajJmGhTi7vwvb2yr79jveZ282w|netuid_1|reciprocate_reward_model|rlhf_reward_model,2
Tags,1.1.3|1013|5D2wzCtQWgmDyhBYESFekn6bDJf5sKiA1TRukVJBxCsvBDPU|netuid_11|reciprocate_reward_model|rlhf_reward_model,1
Tags,1.1.7|1017|5ED6jwDECEmNvSp98R2qyEUPHDv9pi14E6n3TS8CicD6YfhL|netuid_11|reciprocate_reward_model|rlhf_reward_model,2
Tags,1.1.7|1017|5CsvRJXuR955WojnGMdok1hbhffZyB4N5ocrv82f3p5A2zVp|netuid_1|reciprocate_reward_model|rlhf_reward_model,3
Tags,1.1.7|1017|5F4tQyWrhfGVcNhoqeiNsR6KjD4wMZ2kfhLj4oHYuyHbZAc3|disable_set_weights|netuid_1|reciprocate_reward_model|rlhf_reward_model,2
Tags,1.1.7|1017|5Dd8gaRNdhm1YP7G1hcB1N842ecAUQmbLjCRLqH5ycaTGrWv|netuid_11|reciprocate_reward_model|rlhf_reward_model,2
Tags,1.1.7|1017|5Hddm3iBFD2GLT5ik7LZnT3XJUnRnN8PoeCFgGQgawUVKNm8|netuid_1|reciprocate_reward_model|rlhf_reward_model,1
Tags,1.1.7|1017|5DvTpiniW9s3APmHRYn8FroUWyfnLtrsid5Mtn5EwMXHN2ed|netuid_1|reciprocate_reward_model|rlhf_reward_model,1
User,<User shadip>,8
User,<User d-vasiliou>,2
User,<User bradleytf>,9
User,<User opentensor-pedro>,5
User,<User borsaku-bb>,24
User,<User johnymakau>,2
User,<User jofyzez88>,8
User,<User neuralinternet>,409
User,<User ksingery>,1
User,<User sombrero9ujt>,1
User,<User tkbrother>,1
User,<User taostats>,4
User,<User opentensor>,3
User,<User wasenhorn>,8
User,<User whiterhinolc>,2
User,<User firsttensor>,2
User,<User anony-mouse-382680760931970644>,3
User,<User philanthrope>,1
User,<User rizzo>,2
User,<User alferov>,3
User,<User flarrix>,2
axon_ip,[::],500
axon_port,45226,1
axon_port,8091,33
axon_port,39449,1
axon_port,44169,6
axon_port,27999,1
axon_port,44161,3
axon_port,30115,4
axon_port,30952,409
axon_port,10248,4
axon_port,60000,6
axon_port,40141,1
axon_port,40193,1
axon_port,8092,1
axon_port,11531,1
axon_port,13933,1
axon_port,8099,2
axon_port,12174,1
axon_port,11924,1
axon_port,45061,1
axon_port,38192,1
axon_port,31671,1
axon_port,15168,2
axon_port,43791,1
axon_port,40939,1
axon_port,26276,2
axon_port,40622,3
axon_port,36816,3
axon_port,49654,2
axon_port,27083,1
axon_port,48305,1
axon_port,16383,1
axon_port,24236,2
axon_port,21562,1
axon_priority_maxsize,10,500
axon_priority_max_workers,5,500
axon_max_workers,10,500
axon_maximum_concurrent_rpcs,400,500
mock,False,500
wandb_off,False,500
wandb_entity,opentensor-dev,500
wandb_offline,False,500
wandb_project_name,openvalidators,500
wandb_run_step_length,1500,500
wandb_track_gating_model,False,500
wandb_weights_step_length,10,500
gating_momentum,0.9,500
gating_num_uids,1024,72
gating_num_uids,4096,411
gating_num_uids,2048,16
gating_num_uids,"Parameter containing:
tensor(1024, device='cuda:0')",1
gating_model_name,EleutherAI/gpt-neo-125m,500
gating_learning_rate,0.01,500
netuid,1,73
netuid,21,411
netuid,11,16
neuron_name,core_prompting_validator,498
neuron_name,Rizzo,2
neuron_device,cuda:0,477
neuron_device,cuda,22
neuron_device,cuda:3,1
neuron_nsfw_off,False,500
neuron_full_path,/root/.bittensor/miners/default/default/netuid1/core_prompting_validator,15
neuron_full_path,/root/.bittensor/miners/egb_wallet/egb_hotkey/netuid1/core_prompting_validator,1
neuron_full_path,/home/ubuntu/.bittensor/miners/opentensor/main/netuid1/core_prompting_validator,5
neuron_full_path,/root/.bittensor/miners/validator/vali2/netuid1/core_prompting_validator,26
neuron_full_path,/root/.bittensor/miners/johnymakau/johnymakau/netuid1/core_prompting_validator,1
neuron_full_path,/root/.bittensor/miners/ni/ni/netuid21/core_prompting_validator,409
neuron_full_path,/root/.bittensor/miners/S11Cold/S11Hot/netuid11/core_prompting_validator,1
neuron_full_path,/home/usergpu/.bittensor/miners/validator/vali2/netuid21/core_prompting_validator,2
neuron_full_path,/root/.bittensor/miners/validator/vali2/netuid11/core_prompting_validator,1
neuron_full_path,/home/usergpu/.bittensor/miners/validator/vali2/netuid1/core_prompting_validator,4
neuron_full_path,/home/ubuntu/.bittensor/miners/tkwallet/tkhotkey/netuid1/core_prompting_validator,1
neuron_full_path,/home/ubuntu/.bittensor/miners/opentensor_validator/main/netuid11/core_prompting_validator,2
neuron_full_path,/home/administrator/.bittensor/miners/DuNode/DuNode/netuid11/core_prompting_validator,1
neuron_full_path,/home/administrator/.bittensor/miners/DuNode/DuNode/netuid1/core_prompting_validator,4
neuron_full_path,/root/.bittensor/miners/my_coldkey/my_first_hotkey/netuid1/core_prompting_validator,4
neuron_full_path,/root/.bittensor/miners/VAH/B7/netuid11/core_prompting_validator,1
neuron_full_path,/root/.bittensor/miners/VAH/B7/netuid1/core_prompting_validator,1
neuron_full_path,/home/eugene/.bittensor/miners/opentensor/rd_hotkey/netuid11/core_prompting_validator,1
neuron_full_path,/home/ubuntu/.bittensor/miners/FTCOLDKEY/FTHOTKEY/netuid11/core_prompting_validator,1
neuron_full_path,/root/.bittensor/miners/val/val/netuid1/core_prompting_validator,3
neuron_full_path,/root/.bittensor/miners/egb_wallet/egb_hotkey/netuid11/core_prompting_validator,1
neuron_full_path,/home/phil/.bittensor/miners/churchofrao/raovali/netuid1/core_prompting_validator,1
neuron_full_path,/home/rizzo/.bittensor/miners/TechSolRE/rizzo2/netuid1/Rizzo,2
neuron_full_path,/root/.bittensor/miners/johnymakau/johnymakau/netuid11/core_prompting_validator,1
neuron_full_path,/root/.bittensor/miners/DuNode/DuNode/netuid11/core_prompting_validator,2
neuron_full_path,/root/.bittensor/miners/my_coldkey/my_first_hotkey/netuid11/core_prompting_validator,2
neuron_full_path,/root/.bittensor/miners/DuNode/DuNode/netuid1/core_prompting_validator,1
neuron_full_path,/root/.bittensor/miners/c2/v2/netuid1/core_prompting_validator,3
neuron_full_path,/root/.bittensor/miners/default/default/netuid11/core_prompting_validator,2
neuron_full_path,/home/ubuntu/.bittensor/miners/FTCOLDKEY/FTHOTKEY/netuid1/core_prompting_validator,1
neuron_mock_dataset,False,500
neuron_blacklist_off,False,500
neuron_diversity_off,False,499
neuron_relevance_off,False,500
neuron_answer_timeout,10,497
neuron_answer_timeout,30,3
neuron_dont_save_events,False,500
neuron_followup_timeout,10,497
neuron_followup_timeout,30,3
neuron_mock_gating_model,False,500
neuron_vpermit_tao_limit,4096,500
neuron_answer_sample_size,50,500
neuron_mock_dendrite_pool,False,500
neuron_mock_reward_models,False,500
neuron_num_followup_steps,4,500
neuron_task_validator_off,False,499
neuron_disable_log_rewards,False,499
neuron_disable_set_weights,False,493
neuron_disable_set_weights,True,7
neuron_followup_sample_size,50,500
neuron_moving_average_alpha,0.05,500
neuron_epoch_length_override,0,498
neuron_epoch_length_override,251,2
neuron_events_retention_size,2 GB,500
neuron_checkpoint_block_length,10,500
neuron_num_concurrent_forwards,1,500
neuron_use_custom_gating_model,False,500
reward_rlhf_weight,0.6,499
reward_rlhf_weight,0.5,1
reward_dahoas_weight,0,500
reward_reciprocate_weight,0.4,499
reward_reciprocate_weight,0.3,1
reward_prompt_based_weight,0,500
strict,False,500
wallet_name,default,17
wallet_name,egb_wallet,2
wallet_name,opentensor,6
wallet_name,validator,33
wallet_name,johnymakau,2
wallet_name,ni,409
wallet_name,S11Cold,1
wallet_name,tkwallet,1
wallet_name,opentensor_validator,2
wallet_name,DuNode,8
wallet_name,my_coldkey,6
wallet_name,VAH,2
wallet_name,FTCOLDKEY,2
wallet_name,val,3
wallet_name,churchofrao,1
wallet_name,TechSolRE,2
wallet_name,c2,3
wallet_path,~/.bittensor/wallets/,500
wallet_hotkey,default,17
wallet_hotkey,egb_hotkey,2
wallet_hotkey,main,7
wallet_hotkey,vali2,33
wallet_hotkey,johnymakau,2
wallet_hotkey,ni,409
wallet_hotkey,S11Hot,1
wallet_hotkey,tkhotkey,1
wallet_hotkey,DuNode,8
wallet_hotkey,my_first_hotkey,6
wallet_hotkey,B7,2
wallet_hotkey,rd_hotkey,1
wallet_hotkey,FTHOTKEY,2
wallet_hotkey,val,3
wallet_hotkey,raovali,1
wallet_hotkey,rizzo2,2
wallet_hotkey,v2,3
logging_debug,False,28
logging_debug,True,472
logging_trace,True,19
logging_trace,False,481
logging_record_log,False,500
logging_logging_dir,/root/.bittensor/miners/default/default/netuid1/core_prompting_validator,15
logging_logging_dir,/root/.bittensor/miners/egb_wallet/egb_hotkey/netuid1/core_prompting_validator,1
logging_logging_dir,/home/ubuntu/.bittensor/miners/opentensor/main/netuid1/core_prompting_validator,5
logging_logging_dir,/root/.bittensor/miners/validator/vali2/netuid1/core_prompting_validator,26
logging_logging_dir,/root/.bittensor/miners/johnymakau/johnymakau/netuid1/core_prompting_validator,1
logging_logging_dir,/root/.bittensor/miners/ni/ni/netuid21/core_prompting_validator,409
logging_logging_dir,/root/.bittensor/miners/S11Cold/S11Hot/netuid11/core_prompting_validator,1
logging_logging_dir,/home/usergpu/.bittensor/miners/validator/vali2/netuid21/core_prompting_validator,2
logging_logging_dir,/root/.bittensor/miners/validator/vali2/netuid11/core_prompting_validator,1
logging_logging_dir,/home/usergpu/.bittensor/miners/validator/vali2/netuid1/core_prompting_validator,4
logging_logging_dir,/home/ubuntu/.bittensor/miners/tkwallet/tkhotkey/netuid1/core_prompting_validator,1
logging_logging_dir,/home/ubuntu/.bittensor/miners/opentensor_validator/main/netuid11/core_prompting_validator,2
logging_logging_dir,/home/administrator/.bittensor/miners/DuNode/DuNode/netuid11/core_prompting_validator,1
logging_logging_dir,/home/administrator/.bittensor/miners/DuNode/DuNode/netuid1/core_prompting_validator,4
logging_logging_dir,/root/.bittensor/miners/my_coldkey/my_first_hotkey/netuid1/core_prompting_validator,4
logging_logging_dir,/root/.bittensor/miners/VAH/B7/netuid11/core_prompting_validator,1
logging_logging_dir,~/.bittensor/miners,2
logging_logging_dir,/home/ubuntu/.bittensor/miners/FTCOLDKEY/FTHOTKEY/netuid11/core_prompting_validator,1
logging_logging_dir,/root/.bittensor/miners/val/val/netuid1/core_prompting_validator,3
logging_logging_dir,/root/.bittensor/miners/egb_wallet/egb_hotkey/netuid11/core_prompting_validator,1
logging_logging_dir,/home/phil/.bittensor/miners/churchofrao/raovali/netuid1/core_prompting_validator,1
logging_logging_dir,/home/rizzo/.bittensor/miners/TechSolRE/rizzo2/netuid1/Rizzo,2
logging_logging_dir,/root/.bittensor/miners/johnymakau/johnymakau/netuid11/core_prompting_validator,1
logging_logging_dir,/root/.bittensor/miners/DuNode/DuNode/netuid11/core_prompting_validator,2
logging_logging_dir,/root/.bittensor/miners/my_coldkey/my_first_hotkey/netuid11/core_prompting_validator,2
logging_logging_dir,/root/.bittensor/miners/DuNode/DuNode/netuid1/core_prompting_validator,1
logging_logging_dir,/root/.bittensor/miners/c2/v2/netuid1/core_prompting_validator,3
logging_logging_dir,/root/.bittensor/miners/default/default/netuid11/core_prompting_validator,2
logging_logging_dir,/home/ubuntu/.bittensor/miners/FTCOLDKEY/FTHOTKEY/netuid1/core_prompting_validator,1
__is_set_netuid,True,495
__is_set_axon.port,True,468
__is_set_wallet.name,True,498
__is_set_logging.trace,True,20
__is_set_neuron.device,True,476
__is_set_wallet.hotkey,True,498
__is_set_subtensor.network,True,50
__is_set_subtensor.network,False,2
__is_set_neuron.num_concurrent_forwards,True,67
subtensor__mock,False,500
subtensor_network,finney,493
subtensor_network,local,7
subtensor_register_cuda_TPB,256,500
subtensor_register_cuda_dev_id,[0],500
subtensor_register_cuda_use_cuda,False,484
subtensor_register_cuda_use_cuda,True,16
subtensor_register_verbose,False,500
subtensor_register_output_in_place,True,500
subtensor_register_update_interval,50000,484
subtensor_register_update_interval,90000,16
subtensor_chain_endpoint,wss://entrypoint-finney.opentensor.ai:443,66
subtensor_chain_endpoint,ws://158.58.173.65:9944,18
subtensor_chain_endpoint,89.117.72.153:9944,409
subtensor_chain_endpoint,66.94.105.156:9944,1
subtensor_chain_endpoint,ws://127.0.0.1:9944,4
__is_set_logging.debug,True,473
axon_external_ip,38.147.83.29,1
axon_external_ip,213.173.98.26,5
axon_external_ip,141.101.132.158,4
axon_external_ip,10.1.85.2,2
axon_external_ip,195.29.196.251,1
axon_external_ip,64.247.206.130,2
axon_external_ip,149.36.0.153,1
axon_external_ip,149.36.0.4,1
axon_external_port,39449,1
axon_external_port,10248,4
axon_external_port,60000,4
axon_external_port,40193,3
axon_external_port,10249,1
axon_external_port,49654,2
axon_external_port,27083,1
axon_external_port,16383,1
__is_set_axon.external_ip,True,19
__is_set_axon.external_port,True,19
__is_set_subtensor.register.cuda.dev_id,True,16
__is_set_subtensor.register.cuda.dev_id,False,2
__is_set_subtensor.register.cuda.use_cuda,True,16
__is_set_subtensor.register.cuda.use_cuda,False,2
__is_set_subtensor.register.update_interval,True,18
neuron_axon_off,False,3
__is_set_neuron.disable_set_weights,True,7
neuron_epoch_length,100,4
__is_set_subtensor.chain_endpoint,True,432
neuron_log_rewards,False,1
reward_diversity_weight,0.2,1
wallet__mock,False,2
wallet_reregister,True,2
__is_set_axon.ip,True,2
__is_set_wallet.path,True,2
__is_set_wallet._mock,True,2
__is_set_subtensor._mock,True,2
__is_set_axon.max_workers,True,2
__is_set_wallet.reregister,True,2
__is_set_logging.record_log,True,2
__is_set_logging.logging_dir,True,2
__is_set_axon.priority.maxsize,True,2
__is_set_axon.priority.max_workers,True,2
__is_set_subtensor.register.verbose,True,2
__is_set_subtensor.register.cuda.TPB,True,2
__is_set_axon.maximum_concurrent_rpcs,True,2
__is_set_subtensor.register.num_processes,True,2
__is_set_subtensor.register.output_in_place,True,2
__is_set_neuron.name,True,2
__is_set_neuron.answer_timeout,True,3
__is_set_neuron.followup_timeout,True,3
__is_set_neuron.epoch_length_override,True,2
